{
  "tank": "top",
  "camera_a": {
    "name": "top_left",
    "frames_sampled": 151,
    "light_color_frame_counts": {
      "red": 70,
      "green": 81
    },
    "day_night_frame_counts": {
      "night": 70,
      "day": 81
    },
    "observation_count": 3205,
    "motion": {
      "overall_avg_shift": 35.495035184793664,
      "frame_pairs_matched": 150,
      "avg_shift_by_color": {
        "red": 34.22718664263213,
        "green": 36.575054313301635
      }
    },
    "centroid_drift": {
      "overall_avg_drift": 70.7391146506358,
      "frame_pairs_matched": 150,
      "avg_drift_by_color": {
        "red": 70.18278102690064,
        "green": 71.21302847826205
      }
    }
  },
  "camera_b": {
    "name": "top_right",
    "frames_sampled": 164,
    "light_color_frame_counts": {
      "red": 89,
      "green": 75
    },
    "day_night_frame_counts": {
      "night": 89,
      "day": 75
    },
    "observation_count": 2997,
    "motion": {
      "overall_avg_shift": 12.23984283103967,
      "frame_pairs_matched": 163,
      "avg_shift_by_color": {
        "red": 15.083877715947027,
        "green": 8.90284189941504
      }
    },
    "centroid_drift": {
      "overall_avg_drift": 36.215628571406,
      "frame_pairs_matched": 163,
      "avg_drift_by_color": {
        "red": 38.93792604995073,
        "green": 33.021466196580185
      }
    }
  },
  "light_color_observation_counts": {
    "red": 3099,
    "green": 3103
  },
  "light_color_observation_fractions": {
    "red": 0.49967752337955496,
    "green": 0.500322476620445
  },
  "light_color_avg_per_frame": {
    "red": 19.49056603773585,
    "green": 19.891025641025642
  },
  "half_fractions_by_color": {
    "green": [
      0.3689899444580078,
      0.6310100555419922
    ],
    "red": [
      0.3299700915813446,
      0.670029878616333
    ]
  },
  "motion_score": {
    "overall_avg_shift": 23.384503703445734,
    "avg_shift_by_color": {
      "green": 22.738948106358336,
      "red": 24.655532179289576
    },
    "frame_pairs_matched": 313
  },
  "centroid_drift_score": {
    "overall_avg_drift": 52.760430206819635,
    "avg_drift_by_color": {
      "green": 52.11724733742112,
      "red": 54.56035353842569
    },
    "frame_pairs_matched": 313
  },
  "total_floor_observations": 6202,
  "heatmap_paths": {
    "green": "C:\\Users\\leodo\\claude\\scallopvision\\data\\demo_sessions\\top_session1\\heatmap_green.png",
    "red": "C:\\Users\\leodo\\claude\\scallopvision\\data\\demo_sessions\\top_session1\\heatmap_red.png",
    "overall": "C:\\Users\\leodo\\claude\\scallopvision\\data\\demo_sessions\\top_session1\\heatmap_overall.png"
  }
}